<?xml version="1.0" ?>

<container xmlns="http://symfony.com/schema/dic/services"
    xmlns:xsi="http://www.w3.org/2001/XMLSchema-instance"
    xsi:schemaLocation="http://symfony.com/schema/dic/services http://symfony.com/schema/dic/services/services-1.0.xsd">

    <services>
        <defaults public="false" />

        <service id="form.type_extension.csrf" class="Symfony\Component\Form\Extension\Csrf\Type\FormTypeCsrfExtension">
            <tag name="form.type_extension" />
            <argument type="service" id="security.csrf.token_manager" />
            <argument>%form.type_extension.csrf.enabled%</argument>
            <argument>%form.type_extension.csrf.field_name%</argument>
            <argument type="service" id="translator" on-invalid="null" />
            <argument>%validator.translation_domain%</argument>
            <argument type="service" id="form.server_params" />
        </service>
    </services>
</container>
