<?xml version="1.0" ?>

<container xmlns="http://symfony.com/schema/dic/services"
    xmlns:xsi="http://www.w3.org/2001/XMLSchema-instance"
    xsi:schemaLocation="http://symfony.com/schema/dic/services http://symfony.com/schema/dic/services/services-1.0.xsd">

    <services>
        <defaults public="false" />

        <service id="parameter_bag" class="Symfony\Component\DependencyInjection\ParameterBag\ContainerBag">
            <argument type="service" id="service_container" />
        </service>
        <service id="Symfony\Component\DependencyInjection\ParameterBag\ContainerBagInterface" alias="parameter_bag" />
        <service id="Symfony\Component\DependencyInjection\ParameterBag\ParameterBagInterface" alias="parameter_bag" />

        <service id="event_dispatcher" class="Symfony\Component\EventDispatcher\EventDispatcher" public="true">
            <tag name="container.hot_path" />
        </service>
        <service id="Symfony\Component\EventDispatcher\EventDispatcherInterface" alias="event_dispatcher" />

        <service id="http_kernel" class="Symfony\Component\HttpKernel\HttpKernel" public="true">
            <argument type="service" id="event_dispatcher" />
            <argument type="service" id="controller_resolver" />
            <argument type="service" id="request_stack" />
            <argument type="service" id="argument_resolver" />
            <tag name="container.hot_path" />
        </service>
        <service id="Symfony\Component\HttpKernel\HttpKernelInterface" alias="http_kernel" />

        <service id="request_stack" class="Symfony\Component\HttpFoundation\RequestStack" public="true" />
        <service id="Symfony\Component\HttpFoundation\RequestStack" alias="request_stack" />

        <service id="cache_warmer" class="Symfony\Component\HttpKernel\CacheWarmer\CacheWarmerAggregate" public="true">
            <argument type="tagged" tag="kernel.cache_warmer" />
            <argument>%kernel.debug%</argument>
            <argument>%kernel.cache_dir%/%kernel.container_class%Deprecations.log</argument>
        </service>

        <service id="cache_clearer" class="Symfony\Component\HttpKernel\CacheClearer\ChainCacheClearer" public="true">
            <argument type="tagged" tag="kernel.cache_clearer" />
        </service>

        <service id="kernel" synthetic="true" public="true" />
        <service id="Symfony\Component\HttpKernel\KernelInterface" alias="kernel" />

        <service id="filesystem" class="Symfony\Component\Filesystem\Filesystem" public="true" />
        <service id="Symfony\Component\Filesystem\Filesystem" alias="filesystem" />

        <service id="file_locator" class="Symfony\Component\HttpKernel\Config\FileLocator">
            <argument type="service" id="kernel" />
            <argument>%kernel.root_dir%/Resources</argument>
            <argument type="collection">
                <argument>%kernel.root_dir%</argument>
            </argument>
        </service>
        <service id="Symfony\Component\HttpKernel\Config\FileLocator" alias="file_locator" />

        <service id="uri_signer" class="Symfony\Component\HttpKernel\UriSigner">
            <argument>%kernel.secret%</argument>
        </service>

        <service id="config_cache_factory" class="Symfony\Component\Config\ResourceCheckerConfigCacheFactory">
            <argument type="tagged" tag="config_cache.resource_checker" />
        </service>

        <service id="dependency_injection.config.container_parameters_resource_checker" class="Symfony\Component\DependencyInjection\Config\ContainerParametersResourceChecker">
            <argument type="service" id="service_container" />
            <tag name="config_cache.resource_checker" priority="-980" />
        </service>

        <service id="config.resource.self_checking_resource_checker" class="Symfony\Component\Config\Resource\SelfCheckingResourceChecker">
            <tag name="config_cache.resource_checker" priority="-990" />
        </service>

        <service id="services_resetter" class="Symfony\Component\HttpKernel\DependencyInjection\ServicesResetter" public="true" />
    </services>
</container>
