{
    "Version": "2.1.44.50",
    "Names": {
        "BYN": [
            "BYN",
            "Weissrussischer Rubel"
        ],
        "BYR": [
            "BYR",
            "Weissrussischer Rubel (2000–2016)"
        ],
        "EUR": [
            "EUR",
            "Euro"
        ],
        "STN": [
            "STN",
            "São-toméischer Dobra (2018)"
        ],
        "VEF": [
            "VEF",
            "Venezolanischer Bolívar"
        ],
        "VES": [
            "VES",
            "VES"
        ]
    }
}
