{
    "Version": "2.1.43.65",
    "Names": {
        "AMD": [
            "AMD",
            "dram armenio"
        ],
        "CAD": [
            "CAD",
            "dólar canadiense"
        ],
        "ERN": [
            "ERN",
            "nafka"
        ],
        "EUR": [
            "EUR",
            "euro"
        ],
        "MYR": [
            "MYR",
            "ringgit malayo"
        ],
        "THB": [
            "THB",
            "baht tailandes"
        ],
        "USD": [
            "USD",
            "dólar estadounidense"
        ],
        "UZS": [
            "UZS",
            "som uzbeko"
        ],
        "VEF": [
            "VEF",
            "bolívar venezolano"
        ],
        "VES": [
            "VES",
            "VES"
        ],
        "VND": [
            "VND",
            "dong"
        ],
        "XAF": [
            "XAF",
            "franco CFA BEAC"
        ],
        "XOF": [
            "XOF",
            "franco CFA BCEAO"
        ],
        "ZMW": [
            "ZMW",
            "kuacha zambiano"
        ]
    }
}
