{
    "Version": "2.1.44.5",
    "Names": {
        "BDT": [
            "BDT",
            "taka bangladesí"
        ],
        "BTN": [
            "BTN",
            "ngultrum butanés"
        ],
        "CNH": [
            "CNH",
            "CNH"
        ],
        "ERN": [
            "ERN",
            "nakfa"
        ],
        "KGS": [
            "KGS",
            "som kirguís"
        ],
        "KHR": [
            "KHR",
            "riel camboyano"
        ],
        "LAK": [
            "LAK",
            "kip laosiano"
        ],
        "MRO": [
            "MRU",
            "uguiya (1973–2017)"
        ],
        "MRU": [
            "UM",
            "uguiya"
        ],
        "MVR": [
            "MVR",
            "rupia de Maldivas"
        ],
        "MXN": [
            "$",
            "peso mexicano"
        ],
        "MYR": [
            "MYR",
            "ringit"
        ],
        "STN": [
            "STN",
            "dobra santotomense"
        ],
        "THB": [
            "THB",
            "baht tailandés"
        ],
        "UZS": [
            "UZS",
            "sum"
        ],
        "VEF": [
            "VEF",
            "bolívar venezolano (2008–2018)"
        ],
        "VES": [
            "VES",
            "bolívar venezolano"
        ],
        "VND": [
            "VND",
            "dong vietnamita"
        ],
        "ZMW": [
            "ZMW",
            "kwacha zambiano"
        ]
    }
}
