{
    "Version": "2.1.43.65",
    "Names": {
        "AMD": [
            "AMD",
            "dram"
        ],
        "JPY": [
            "¥",
            "yen"
        ],
        "MYR": [
            "MYR",
            "ringit"
        ],
        "STN": [
            "STN",
            "dobra santotomense"
        ],
        "THB": [
            "THB",
            "bat"
        ],
        "USD": [
            "$",
            "dólar estadounidense"
        ],
        "UZS": [
            "UZS",
            "sum"
        ],
        "XAF": [
            "XAF",
            "franco CFA de África central"
        ],
        "XOF": [
            "XOF",
            "franco CFA de África Occidental"
        ]
    }
}
