{
    "Version": "2.1.44.88",
    "Names": {
        "BRL": [
            "R$",
            "Реали бразилиягӣ"
        ],
        "CNY": [
            "CN¥",
            "Иенаи хитоӣ"
        ],
        "EUR": [
            "€",
            "Евро"
        ],
        "GBP": [
            "£",
            "Фунт стерлинги британӣ"
        ],
        "INR": [
            "₹",
            "Рупияи ҳиндустонӣ"
        ],
        "JPY": [
            "JP¥",
            "Иенаи японӣ"
        ],
        "RUB": [
            "RUB",
            "Рубли русӣ"
        ],
        "TJS": [
            "сом.",
            "Сомонӣ"
        ],
        "USD": [
            "$",
            "Доллари ИМА"
        ]
    }
}
