{
    "name": "Doctrine Migrations Bundle",
    "shortName": "DoctrineMigrationsBundle",
    "slug": "doctrine-migrations-bundle",
    "versions": [
        {
            "name": "2.0",
            "branchName": "master",
            "slug": "2.0",
            "upcoming": true
        },
        {
            "name": "1.3",
            "branchName": "1.3",
            "slug": "1.3",
            "current": true
        },
        {
            "name": "1.2",
            "branchName": "1.2",
            "slug": "1.2",
            "maintained": false
        },
        {
            "name": "1.1",
            "branchName": "1.1",
            "slug": "1.1",
            "maintained": false
        },
        {
            "name": "1.0",
            "branchName": "1.0",
            "slug": "1.0",
            "maintained": false
        }
    ]
}
